surrogate,recipe,n_successful,n_target_benign,transfer_rate,mean_cka,dbs,target
deberta-base-pi-v1,deepwordbug,48,13,0.2708333333333333,0.329011060483958,0.5116043897764262,protectai/deberta-v3-base-prompt-injection-v2
deberta-base-pi-v1,pwws,72,32,0.4444444444444444,0.329011060483958,0.5116043897764262,protectai/deberta-v3-base-prompt-injection-v2
deberta-base-pi-v1,textfooler,55,18,0.32727272727272727,0.329011060483958,0.5116043897764262,protectai/deberta-v3-base-prompt-injection-v2
deberta-base-pi-v1,bae,62,26,0.41935483870967744,0.329011060483958,0.5116043897764262,protectai/deberta-v3-base-prompt-injection-v2
deberta-base-pi-v1,bert-attack,83,22,0.26506024096385544,0.329011060483958,0.5116043897764262,protectai/deberta-v3-base-prompt-injection-v2
deberta-small-pi-v2,deepwordbug,95,20,0.21052631578947367,0.451372545278504,0.611447851817069,protectai/deberta-v3-base-prompt-injection-v2
deberta-small-pi-v2,pwws,137,53,0.38686131386861317,0.451372545278504,0.611447851817069,protectai/deberta-v3-base-prompt-injection-v2
deberta-small-pi-v2,textfooler,129,40,0.31007751937984496,0.451372545278504,0.611447851817069,protectai/deberta-v3-base-prompt-injection-v2
deberta-small-pi-v2,bae,139,63,0.45323741007194246,0.451372545278504,0.611447851817069,protectai/deberta-v3-base-prompt-injection-v2
deberta-small-pi-v2,bert-attack,152,50,0.32894736842105265,0.451372545278504,0.611447851817069,protectai/deberta-v3-base-prompt-injection-v2
deepset-deberta-injection,deepwordbug,6,2,0.3333333333333333,0.4542644298102016,0.5925868661068476,protectai/deberta-v3-base-prompt-injection-v2
deepset-deberta-injection,pwws,11,9,0.8181818181818182,0.4542644298102016,0.5925868661068476,protectai/deberta-v3-base-prompt-injection-v2
deepset-deberta-injection,textfooler,31,14,0.45161290322580644,0.4542644298102016,0.5925868661068476,protectai/deberta-v3-base-prompt-injection-v2
deepset-deberta-injection,bae,44,30,0.6818181818181818,0.4542644298102016,0.5925868661068476,protectai/deberta-v3-base-prompt-injection-v2
deepset-deberta-injection,bert-attack,40,20,0.5,0.4542644298102016,0.5925868661068476,protectai/deberta-v3-base-prompt-injection-v2
llama-prompt-guard-86m,deepwordbug,85,9,0.10588235294117647,0.4169064105029701,0.5656751756015568,protectai/deberta-v3-base-prompt-injection-v2
llama-prompt-guard-86m,pwws,121,30,0.24793388429752067,0.4169064105029701,0.5656751756015568,protectai/deberta-v3-base-prompt-injection-v2
llama-prompt-guard-86m,textfooler,125,25,0.2,0.4169064105029701,0.5656751756015568,protectai/deberta-v3-base-prompt-injection-v2
llama-prompt-guard-86m,bae,104,19,0.18269230769230768,0.4169064105029701,0.5656751756015568,protectai/deberta-v3-base-prompt-injection-v2
llama-prompt-guard-86m,bert-attack,161,24,0.14906832298136646,0.4169064105029701,0.5656751756015568,protectai/deberta-v3-base-prompt-injection-v2
llama-prompt-guard-22m,deepwordbug,117,5,0.042735042735042736,0.4123087022398452,0.5849065485835402,protectai/deberta-v3-base-prompt-injection-v2
llama-prompt-guard-22m,pwws,126,8,0.06349206349206349,0.4123087022398452,0.5849065485835402,protectai/deberta-v3-base-prompt-injection-v2
llama-prompt-guard-22m,textfooler,129,8,0.06201550387596899,0.4123087022398452,0.5849065485835402,protectai/deberta-v3-base-prompt-injection-v2
llama-prompt-guard-22m,bae,125,7,0.056,0.4123087022398452,0.5849065485835402,protectai/deberta-v3-base-prompt-injection-v2
llama-prompt-guard-22m,bert-attack,129,4,0.031007751937984496,0.4123087022398452,0.5849065485835402,protectai/deberta-v3-base-prompt-injection-v2
bert-base-ft,deepwordbug,54,11,0.2037037037037037,0.4450094194724594,0.6247945268997297,protectai/deberta-v3-base-prompt-injection-v2
bert-base-ft,pwws,52,30,0.5769230769230769,0.4450094194724594,0.6247945268997297,protectai/deberta-v3-base-prompt-injection-v2
bert-base-ft,textfooler,84,36,0.42857142857142855,0.4450094194724594,0.6247945268997297,protectai/deberta-v3-base-prompt-injection-v2
bert-base-ft,bae,85,53,0.6235294117647059,0.4450094194724594,0.6247945268997297,protectai/deberta-v3-base-prompt-injection-v2
bert-base-ft,bert-attack,102,40,0.39215686274509803,0.4450094194724594,0.6247945268997297,protectai/deberta-v3-base-prompt-injection-v2
roberta-base-ft,deepwordbug,23,15,0.6521739130434783,0.4284723991738573,0.6293337763511132,protectai/deberta-v3-base-prompt-injection-v2
roberta-base-ft,pwws,76,38,0.5,0.4284723991738573,0.6293337763511132,protectai/deberta-v3-base-prompt-injection-v2
roberta-base-ft,textfooler,112,42,0.375,0.4284723991738573,0.6293337763511132,protectai/deberta-v3-base-prompt-injection-v2
roberta-base-ft,bae,90,64,0.7111111111111111,0.4284723991738573,0.6293337763511132,protectai/deberta-v3-base-prompt-injection-v2
roberta-base-ft,bert-attack,117,55,0.4700854700854701,0.4284723991738573,0.6293337763511132,protectai/deberta-v3-base-prompt-injection-v2
electra-small-ft,deepwordbug,46,13,0.2826086956521739,0.4295596540530011,0.554979968918018,protectai/deberta-v3-base-prompt-injection-v2
electra-small-ft,pwws,53,28,0.5283018867924528,0.4295596540530011,0.554979968918018,protectai/deberta-v3-base-prompt-injection-v2
electra-small-ft,textfooler,59,32,0.5423728813559322,0.4295596540530011,0.554979968918018,protectai/deberta-v3-base-prompt-injection-v2
electra-small-ft,bae,54,42,0.7777777777777778,0.4295596540530011,0.554979968918018,protectai/deberta-v3-base-prompt-injection-v2
electra-small-ft,bert-attack,66,39,0.5909090909090909,0.4295596540530011,0.554979968918018,protectai/deberta-v3-base-prompt-injection-v2
deberta-base-ft-seed,deepwordbug,38,21,0.5526315789473685,0.4754217532198447,0.7047500471308572,protectai/deberta-v3-base-prompt-injection-v2
deberta-base-ft-seed,pwws,42,30,0.7142857142857143,0.4754217532198447,0.7047500471308572,protectai/deberta-v3-base-prompt-injection-v2
deberta-base-ft-seed,textfooler,60,39,0.65,0.4754217532198447,0.7047500471308572,protectai/deberta-v3-base-prompt-injection-v2
deberta-base-ft-seed,bae,70,48,0.6857142857142857,0.4754217532198447,0.7047500471308572,protectai/deberta-v3-base-prompt-injection-v2
deberta-base-ft-seed,bert-attack,95,60,0.631578947368421,0.4754217532198447,0.7047500471308572,protectai/deberta-v3-base-prompt-injection-v2
bilstm-attention,deepwordbug,89,17,0.19101123595505617,0.25871896606466466,0.25871896606466466,protectai/deberta-v3-base-prompt-injection-v2
bilstm-attention,pwws,140,20,0.14285714285714285,0.25871896606466466,0.25871896606466466,protectai/deberta-v3-base-prompt-injection-v2
bilstm-attention,textfooler,158,18,0.11392405063291139,0.25871896606466466,0.25871896606466466,protectai/deberta-v3-base-prompt-injection-v2
bilstm-attention,bae,119,33,0.2773109243697479,0.25871896606466466,0.25871896606466466,protectai/deberta-v3-base-prompt-injection-v2
bilstm-attention,bert-attack,152,23,0.1513157894736842,0.25871896606466466,0.25871896606466466,protectai/deberta-v3-base-prompt-injection-v2
